City,State,Population
New York city, New York,8258035
Los Angeles city, California,3820914
Chicago city, Illinois,2664452
Houston city, Texas,2314157
Phoenix city, Arizona,1650070
Philadelphia city, Pennsylvania,1550542
San Antonio city, Texas,1495295
San Diego city, California,1388320
Dallas city, Texas,1302868
Jacksonville city, Florida,985843
Austin city, Texas,979882
Fort Worth city, Texas,978468
San Jose city, California,969655
Columbus city, Ohio,913175
Charlotte city, North Carolina,911311
Indianapolis city (balance), Indiana,879293
San Francisco city, California,808988
Seattle city, Washington,755078
Denver city, Colorado,716577
Oklahoma city, Oklahoma,702767
Nashville-Davidson metropolitan government, Tennessee,687788
Washington city, District of Columbia,678972
El Paso city, Texas,678958
Las Vegas city, Nevada,660929
Boston city, Massachusetts,653833
Detroit city, Michigan,633218
Portland city, Oregon,630498
Louisville/Jefferson County metro government (balance), Kentucky,622981
Memphis city, Tennessee,618639
Baltimore city, Maryland,565239
Milwaukee city, Wisconsin,561385
Albuquerque city, New Mexico,560274
Tucson city, Arizona,547239
Fresno city, California,545716
Sacramento city, California,526384
Mesa city, Arizona,511648
Atlanta city, Georgia,510823
Kansas City city, Missouri,510704
Colorado Springs city, Colorado,488664
Omaha city, Nebraska,483335
Raleigh city, North Carolina,482295
Miami city, Florida,455924
Virginia Beach city, Virginia,453649
Long Beach city, California,449468
Oakland city, California,436504
Minneapolis city, Minnesota,425115
Bakersfield city, California,413381
Tulsa city, Oklahoma,411894
Tampa city, Florida,403364
Arlington city, Texas,398431
Wichita city, Kansas,396119
Aurora city, Colorado,395052
New Orleans city, Louisiana,364136
Cleveland city, Ohio,362656
Urban Honolulu CDP, Hawaii,341778
Anaheim city, California,340512
Henderson city, Nevada,337305
Orlando city, Florida,320742
Lexington-Fayette urban county, Kentucky,320154
Stockton city, California,319543
Riverside city, California,318858
Corpus Christi city, Texas,316595
Irvine city, California,314621
Cincinnati city, Ohio,311097
Santa Ana city, California,310539
Newark city, New Jersey,304960
St. Paul city, Minnesota,303820
Pittsburgh city, Pennsylvania,303255
Greensboro city, North Carolina,302296
Durham city, North Carolina,296186
Lincoln city, Nebraska,294757
Jersey City city, New Jersey,291657
Plano city, Texas,290190
Anchorage municipality, Alaska,286075
North Las Vegas city, Nevada,284771
St. Louis city, Missouri,281754
Madison city, Wisconsin,280305
Chandler city, Arizona,280167
Gilbert town, Arizona,275411
Reno city, Nevada,274915
Buffalo city, New York,274678
Chula Vista city, California,274333
Fort Wayne city, Indiana,269994
Lubbock city, Texas,266878
Toledo city, Ohio,265304
St. Petersburg city, Florida,263553
Laredo city, Texas,257602
Irving city, Texas,254373
Chesapeake city, Virginia,253886
Glendale city, Arizona,253855
Winston-Salem city, North Carolina,252975
Port St. Lucie city, Florida,245021
Scottsdale city, Arizona,244394
Garland city, Texas,243470
Boise City city, Idaho,235421
Norfolk city, Virginia,230930
Spokane city, Washington,229447
Richmond city, Virginia,229247
Fremont city, California,226208
Huntsville city, Alabama,225564
Frisco city, Texas,225007
Cape Coral city, Florida,224455
Santa Clarita city, California,224028
San Bernardino city, California,223728
Tacoma city, Washington,222906
Hialeah city, Florida,221300
Baton Rouge city, Louisiana,219573
Modesto city, California,218915
Fontana city, California,215465
McKinney city, Texas,213509
Moreno Valley city, California,212392
Des Moines city, Iowa,210381
Fayetteville city, North Carolina,209749
Salt Lake City city, Utah,209593
Yonkers city, New York,207657
Worcester city, Massachusetts,207621
Rochester city, New York,207274
Sioux Falls city, South Dakota,206410
Little Rock city, Arkansas,203842
Amarillo city, Texas,202408
Tallahassee city, Florida,202221
Grand Prairie city, Texas,202134
Columbus city, Georgia,201877
Augusta-Richmond County consolidated government (balance), Georgia,200884
Peoria city, Arizona,198750
Oxnard city, California,198488
Knoxville city, Tennessee,198162
Overland Park city, Kansas,197089
Birmingham city, Alabama,196644
Grand Rapids city, Michigan,196608
Vancouver city, Washington,196442
Montgomery city, Alabama,195287
Huntington Beach city, California,192129
Providence city, Rhode Island,190792
Brownsville city, Texas,190158
Tempe city, Arizona,189834
Akron city, Ohio,188701
Glendale city, California,187050
Chattanooga city, Tennessee,187030
Fort Lauderdale city, Florida,184255
Newport News city, Virginia,183118
Mobile city, Alabama,182595
Ontario city, California,182457
Clarksville city, Tennessee,180716
Cary town, North Carolina,180010
Elk Grove city, California,178444
Shreveport city, Louisiana,177959
Eugene city, Oregon,177899
Aurora city, Illinois,177563
Salem city, Oregon,177432
Santa Rosa city, California,175845
Rancho Cucamonga city, California,174405
Pembroke Pines city, Florida,171119
Fort Collins city, Colorado,170376
Springfield city, Missouri,170188
Oceanside city, California,170020
Garden Grove city, California,168234
Lancaster city, California,166236
Murfreesboro city, Tennessee,165430
Palmdale city, California,161404
Corona city, California,160238
Killeen city, Texas,159643
Salinas city, California,159506
Roseville city, California,159135
Denton city, Texas,158349
Surprise city, Arizona,158285
Macon-Bibb County, Georgia,156512
Paterson city, New Jersey,156452
Lakewood city, Colorado,155961
Hayward city, California,155675
Charleston city, South Carolina,155369
Alexandria city, Virginia,155230
Hollywood city, Florida,153859
Springfield city, Massachusetts,153672
Kansas City city, Kansas,152933
Sunnyvale city, California,151967
Bellevue city, Washington,151574
Joliet city, Illinois,150489
Naperville city, Illinois,150245
Escondido city, California,148122
Bridgeport city, Connecticut,148028
Savannah city, Georgia,147748
Olathe city, Kansas,147461
Mesquite city, Texas,147317
Pasadena city, Texas,146716
McAllen city, Texas,146593
Rockford city, Illinois,146120
Gainesville city, Florida,145812
Syracuse city, New York,145560
Pomona city, California,145502
Visalia city, California,144998
Thornton city, Colorado,144922
Waco city, Texas,144816
Jackson city, Mississippi,143709
Columbia city, South Carolina,142416
Fullerton city, California,139250
Torrance city, California,139224
Victorville city, California,138869
Midland city, Texas,138397
Orange city, California,138337
Miramar city, Florida,138319
Hampton city, Virginia,137098
Warren city, Michigan,136655
Stamford city, Connecticut,136226
Cedar Rapids city, Iowa,135958
Elizabeth city, New Jersey,135829
Palm Bay city, Florida,135566
Dayton city, Ohio,135512
New Haven city, Connecticut,135319
Coral Springs city, Florida,134906
Meridian city, Idaho,134801
West Valley City city, Utah,134470
Pasadena city, California,133560
Lewisville city, Texas,133553
Kent city, Washington,133378
Sterling Heights city, Michigan,133306
Fargo city, North Dakota,133188
Carrollton city, Texas,132918
Santa Clara city, California,131062
Round Rock city, Texas,130406
Norman city, Oklahoma,130046
Columbia city, Missouri,129330
Abilene city, Texas,129043
Athens-Clarke County unified government (balance), Georgia,128628
Pearland city, Texas,127736
Clovis city, California,125826
Topeka city, Kansas,125475
College Station city, Texas,125192
Simi Valley city, California,125113
Allentown city, Pennsylvania,124880
West Palm Beach city, Florida,124130
Thousand Oaks city, California,123463
Vallejo city, California,122807
Wilmington city, North Carolina,122698
Rochester city, Minnesota,122413
Concord city, California,122315
Lakeland city, Florida,122264
North Charleston city, South Carolina,121469
Lafayette city, Louisiana,121467
Arvada city, Colorado,121414
Independence city, Missouri,120922
Billings city, Montana,120864
Fairfield city, California,120768
Hartford city, Connecticut,119669
Ann Arbor city, Michigan,119381
Broken Arrow city, Oklahoma,119194
Berkeley city, California,118962
Cambridge city, Massachusetts,118214
Richardson city, Texas,117435
Antioch city, California,117096
High Point city, North Carolina,116926
Clearwater city, Florida,116850
League City city, Texas,116320
Odessa city, Texas,115743
Manchester city, New Hampshire,115474
Evansville city, Indiana,115332
Waterbury city, Connecticut,114990
West Jordan city, Utah,114908
Las Cruces city, New Mexico,114892
Westminster city, Colorado,114875
Lowell city, Massachusetts,114296
Nampa city, Idaho,114268
Richmond city, California,114106
Pompano Beach city, Florida,113619
Carlsbad city, California,113495
Menifee city, California,113433
Provo city, Utah,113343
Elgin city, Illinois,113310
Greeley city, Colorado,112609
Springfield city, Illinois,112544
Beaumont city, Texas,112193
Lansing city, Michigan,112115
Murrieta city, California,111878
Goodyear city, Arizona,111805
Allen city, Texas,111620
Tuscaloosa city, Alabama,111338
Everett city, Washington,111180
Pueblo city, Colorado,111077
New Braunfels city, Texas,110958
South Fulton city, Georgia,110920
Miami Gardens city, Florida,110717
Gresham city, Oregon,110685
Temecula city, California,110682
Rio Rancho city, New Mexico,110660
Peoria city, Illinois,110460
Tyler city, Texas,110327
Sparks city, Nevada,110323
Concord city, North Carolina,110119
Santa Maria city, California,109987
San Buenaventura (Ventura) city, California,109058
Buckeye city, Arizona,108909
Downey city, California,108816
Sugar Land city, Texas,108515
Costa Mesa city, California,108354
Conroe city, Texas,108248
Spokane Valley city, Washington,108235
Davie town, Florida,107799
Hillsboro city, Oregon,107730
Jurupa Valley city, California,107321
Centennial city, Colorado,106883
Boulder city, Colorado,105898
Dearborn city, Michigan,105811
Edinburg city, Texas,105799
Sandy Springs city, Georgia,105793
Green Bay city, Wisconsin,105744
West Covina city, California,105617
Brockton city, Massachusetts,104890
St. George city, Utah,104578
Bend city, Oregon,104557
Renton city, Washington,104491
Lee's Summit city, Missouri,104184
Fishers city, Indiana,104094
El Monte city, California,103794
South Bend city, Indiana,103395
Rialto city, California,103391
El Cajon city, California,102991
Inglewood city, California,102865
Burbank city, California,102755
Wichita Falls city, Texas,102691
Vacaville city, California,102526
Carmel city, Indiana,102296
Palm Coast city, Florida,102113
Fayetteville city, Arkansas,101680
Quincy city, Massachusetts,101597
San Mateo city, California,101327
Chico city, California,101301
Lynn city, Massachusetts,101241
Albany city, New York,101228
Yuma city, Arizona,100858
New Bedford city, Massachusetts,100695
Suffolk city, Virginia,100659
Hesperia city, California,100633
Davenport city, Iowa,100354
Boca Raton city, Florida,99974
Daly City city, California,99833
San Angelo city, Texas,99262
Deltona city, Florida,98739
Longmont city, Colorado,98630
Vista city, California,98344
Kenosha city, Wisconsin,98211
Edmond city, Oklahoma,98103
Norwalk city, California,98078
Tracy city, California,98010
Federal Way city, Washington,97701
Fort Myers city, Florida,97372
Roanoke city, Virginia,97171
Beaverton city, Oregon,96945
Sunrise city, Florida,96808
Portsmouth city, Virginia,96793
Yakima city, Washington,96750
Plantation city, Florida,96548
Georgetown city, Texas,96312
Lawrence city, Kansas,96207
Orem city, Utah,95519
Mount Pleasant town, South Carolina,95232
Asheville city, North Carolina,95056
Reading city, Pennsylvania,94903
Bellingham city, Washington,94720
San Marcos city, California,94188
O'Fallon city, Missouri,94074
Fall River city, Massachusetts,93840
Merced city, California,93692
Avondale city, Arizona,93545
Chino city, California,93114
Temple city, Texas,93095
Indio city, California,93057
Erie city, Pennsylvania,92957
Redding city, California,92727
Norwalk city, Connecticut,92458
Hoover city, Alabama,92448
Hemet city, California,92368
Livonia city, Michigan,92185
Sandy city, Utah,91943
Roswell city, Georgia,91706
Kirkland city, Washington,91194
Carson city, California,91139
Manteca city, California,91059
Nashua city, New Hampshire,91003
Compton city, California,90986
Mission Viejo city, California,90624
Lawton city, Oklahoma,90245
Lehi city, Utah,90227
South Gate city, California,90070
Greenville city, North Carolina,90053
Santa Monica city, California,89922
Fort Smith city, Arkansas,89770
Trenton city, New Jersey,89620
Bryan city, Texas,89615
Champaign city, Illinois,89189
Santa Fe city, New Mexico,89167
North Port city, Florida,88934
Westminster city, California,88729
Franklin city, Tennessee,88558
Clifton city, New Jersey,88461
Newton city, Massachusetts,88415
Springdale city, Arkansas,88224
Lawrence city, Massachusetts,88172
Duluth city, Minnesota,87680
Waukegan city, Illinois,87642
Bloomington city, Minnesota,87398
Troy city, Michigan,87339
Deerfield Beach city, Florida,87325
Mission city, Texas,87292
Ogden city, Utah,87267
Melbourne city, Florida,86960
Santa Barbara city, California,86499
Citrus Heights city, California,86239
Danbury city, Connecticut,86124
Lake Forest city, California,85840
Frederick city, Maryland,85793
San Leandro city, California,85784
Sioux City city, Iowa,85727
Kennewick city, Washington,85158
Medford city, Oregon,85098
San Ramon city, California,84929
Folsom city, California,84782
Warner Robins city, Georgia,84537
South Jordan city, Utah,84528
Whittier city, California,84143
Baytown city, Texas,84067
Gastonia city, North Carolina,83942
Auburn city, Washington,83870
New Rochelle city, New York,83742
Layton city, Utah,83516
Hawthorne city, California,83364
Longview city, Texas,83236
Warwick city, Rhode Island,82999
Livermore city, California,82908
Newport Beach city, California,82637
Cranston city, Rhode Island,82635
Rancho Cordova city, California,82605
Westland city, Michigan,82574
Farmington Hills city, Michigan,82528
Daytona Beach city, Florida,82485
Largo city, Florida,82248
Auburn city, Alabama,82025
Brooklyn Park city, Minnesota,82017
Buena Park city, California,81958
Mountain View city, California,81785
Homestead city, Florida,81659
Castle Rock town, Colorado,81415
Kissimmee city, Florida,81269
Boynton Beach city, Florida,81267
Johns Creek city, Georgia,81108
Cicero town, Illinois,81004
Redwood City city, California,80996
Jonesboro city, Arkansas,80650
Perris city, California,80603
Pharr city, Texas,80410
Somerville city, Massachusetts,80407
Redmond city, Washington,80280
Leander city, Texas,80067
Pasco city, Washington,80038
Alhambra city, California,79776
Flint city, Michigan,79661
Lake Charles city, Louisiana,79633
Miami Beach city, Florida,79607
Woodbury city, Minnesota,79538
Lynchburg city, Virginia,79535
Flower Mound town, Texas,79445
Rapid City city, South Dakota,79404
Doral city, Florida,79359
Loveland city, Colorado,79352
Parma city, Ohio,78951
Bloomington city, Indiana,78840
Upland city, California,78699
Bloomington city, Illinois,78587
Mansfield city, Texas,78542
Bethlehem city, Pennsylvania,78300
Lakewood city, California,78135
Missoula city, Montana,77757
Tustin city, California,77704
Plymouth city, Minnesota,77648
Cedar Park city, Texas,77516
Napa city, California,77492
Wyoming city, Michigan,77451
Milpitas city, California,77321
Chino Hills city, California,77212
Broomfield city, Colorado,76860
Missouri City city, Texas,76773
Racine city, Wisconsin,76602
Flagstaff city, Arizona,76586
Queen Creek town, Arizona,76570
Lakeville city, Minnesota,76243
Bowling Green city, Kentucky,76212
Hammond city, Indiana,76193
Rochester Hills city, Michigan,76002
Scranton city, Pennsylvania,75805
Pittsburg city, California,75803
Schaumburg village, Illinois,75750
Southfield city, Michigan,75687
Iowa City city, Iowa,75678
Rock Hill city, South Carolina,75654
Alameda city, California,75353
Pawtucket city, Rhode Island,75321
Bellflower city, California,75122
Bismarck city, North Dakota,75092
Evanston city, Illinois,75070
Apple Valley town, California,75036
Appleton city, Wisconsin,74719
Pleasanton city, California,74653
Arlington Heights village, Illinois,74495
Ankeny city, Iowa,74458
Bolingbrook village, Illinois,74088
New Britain city, Connecticut,74080
Rogers city, Arkansas,74035
Lauderhill city, Florida,73974
Noblesville city, Indiana,73916
Blaine city, Minnesota,73774
Rocklin city, California,73472
Johnson City city, Tennessee,73337
Kalamazoo city, Michigan,73126
Lake Elsinore city, California,73028
Marysville city, Washington,72916
Jacksonville city, North Carolina,72879
Greenville city, South Carolina,72824
Gulfport city, Mississippi,72823
Redlands city, California,72556
Tamarac city, Florida,72372
Apex town, North Carolina,72225
West Des Moines city, Iowa,72205
Turlock city, California,72100
Framingham city, Massachusetts,71875
St. Charles city, Missouri,71800
Wilmington city, Delaware,71675
San Marcos city, Texas,71569
Harlingen city, Texas,71510
Maple Grove city, Minnesota,71288
Dothan city, Alabama,71258
Lafayette city, Indiana,71216
Mount Vernon city, New York,71168
Camden city, New Jersey,71100
Tulare city, California,71092
Maricopa city, Arizona,71022
St. Cloud city, Minnesota,71013
North Richland Hills city, Texas,70658
St. Joseph city, Missouri,70634
Eau Claire city, Wisconsin,70542
Eastvale city, California,70510
Waukesha city, Wisconsin,70446
Bayonne city, New Jersey,70300
Conway city, Arkansas,69580
Gaithersburg city, Maryland,69563
East Orange city, New Jersey,69556
Camarillo city, California,69514
Shawnee city, Kansas,69417
Grand Junction city, Colorado,69412
Canton city, Ohio,69197
Walnut Creek city, California,69152
Dublin city, California,69128
Portland city, Maine,69104
Passaic city, New Jersey,68903
Baldwin Park city, California,68806
Decatur city, Illinois,68670
Yuba City city, California,68666
Schenectady city, New York,68544
Ocala city, Florida,68426
Caldwell city, Idaho,68336
Jackson city, Tennessee,68264
Commerce City city, Colorado,68245
Weston city, Florida,68181
Madera city, California,68079
Idaho Falls city, Idaho,68001
Redondo Beach city, California,67749
Lodi city, California,67679
Gary city, Indiana,67652
Delray Beach city, Florida,67536
Haverhill city, Massachusetts,67415
Eagan city, Minnesota,67396
Rockville city, Maryland,67297
Alpharetta city, Georgia,67056
Albany city, Georgia,66877
Rowlett city, Texas,66813
Waterloo city, Iowa,66606
St. Cloud city, Florida,66448
Novi city, Michigan,66314
Greenwood city, Indiana,66296
Oshkosh city, Wisconsin,66184
Yorba Linda city, California,66147
Janesville city, Wisconsin,66102
Port Orange city, Florida,65966
Palo Alto city, California,65882
Davis city, California,65832
Victoria city, Texas,65800
Ames city, Iowa,65686
Union City city, California,65414
Sanford city, Florida,65394
Lorain city, Ohio,65337
Pflugerville city, Texas,65301
Cheyenne city, Wyoming,65168
Malden city, Massachusetts,65133
Brentwood city, California,65126
Sammamish city, Washington,65116
Muncie city, Indiana,65081
Skokie village, Illinois,64937
Palatine village, Illinois,64869
Burnsville city, Minnesota,64772
Huntersville town, North Carolina,64688
North Little Rock city, Arkansas,64531
Waltham city, Massachusetts,64477
Union City city, New Jersey,64462
Bellevue city, Nebraska,63922
Richland city, Washington,63757
Casa Grande city, Arizona,63743
Hendersonville city, Tennessee,63618
Utica city, New York,63607
Moore city, Oklahoma,63470
Coon Rapids city, Minnesota,63377
Kenner city, Louisiana,63333
Lynwood city, California,63234
South San Francisco city, California,63123
Hamilton city, Ohio,62997
Laguna Niguel city, California,62899
Porterville city, California,62876
Marietta city, Georgia,62769
Parker town, Colorado,62743
Bossier City city, Louisiana,62738
Kyle city, Texas,62548
Council Bluffs city, Iowa,62399
San Clemente city, California,62313
Lakewood city, Washington,62303
Millcreek city, Utah,62205
Eden Prairie city, Minnesota,62166
Chapel Hill town, North Carolina,62043
Pontiac city, Michigan,61689
Wellington village, Florida,61634
Bristol city, Connecticut,61601
Santa Cruz city, California,61501
Shoreline city, Washington,61353
Jupiter town, Florida,61291
White Plains city, New York,61288
Taylor city, Michigan,61241
Palm Beach Gardens city, Florida,61146
Woodland city, California,61123
Corvallis city, Oregon,61087
Springfield city, Oregon,61085
Wylie city, Texas,61078
La Habra city, California,60991
Dearborn Heights city, Michigan,60872
Madison city, Alabama,60854
Encinitas city, California,60841
Vineland city, New Jersey,60797
Stonecrest city, Georgia,60677
Blue Springs city, Missouri,60539
La Mesa city, California,60537
Great Falls city, Montana,60422
Taunton city, Massachusetts,60412
Owensboro city, Kentucky,60140
Meriden city, Connecticut,60111
Herriman city, Utah,60049
Burlington city, North Carolina,60032
Montebello city, California,60015
Hanford city, California,59938
Kokomo city, Indiana,59890
Euless city, Texas,59686
San Rafael city, California,59555
Santee city, California,59478
Bentonville city, Arkansas,59471
St. Peters city, Missouri,59413
Kannapolis city, North Carolina,59321
Lake Havasu City city, Arizona,59257
Pico Rivera city, California,59189
Weymouth Town city, Massachusetts,59114
Apopka city, Florida,59113
Youngstown city, Ohio,59108
North Miami city, Florida,59008
Grand Forks city, North Dakota,58921
Dubuque city, Iowa,58877
West Allis city, Wisconsin,58874
Petaluma city, California,58800
Medford city, Massachusetts,58744
Casper city, Wyoming,58720
Margate city, Florida,58593
Lenexa city, Kansas,58536
Terre Haute city, Indiana,58502
Little Elm city, Texas,58496
Beaumont city, California,58463
Marana town, Arizona,58430
Gardena city, California,58377
Lacey city, Washington,58326
Decatur city, Alabama,58321
Gilroy city, California,58250
Hempstead village, New York,58225
Midwest City city, Oklahoma,58086
Springfield city, Ohio,58082
Pocatello city, Idaho,58064
Carson City, Nevada,58036
Des Plaines city, Illinois,58010
Revere city, Massachusetts,57954
Brookhaven city, Georgia,57945
Monterey Park city, California,57877
Westfield city, Indiana,57746
Coconut Creek city, Florida,57694
Spring Hill city, Tennessee,57637
Sarasota city, Florida,57602
St. Clair Shores city, Michigan,57548
Royal Oak city, Michigan,57452
Smyrna town, Tennessee,57418
Bozeman city, Montana,57305
Cupertino city, California,57285
Bowie city, Maryland,57254
Lancaster city, Pennsylvania,57153
Winter Haven city, Florida,57109
Taylorsville city, Utah,57098
Bradenton city, Florida,57076
Orland Park village, Illinois,57074
Albany city, Oregon,57053
Hoboken city, New Jersey,57010
Eagle Mountain city, Utah,56932
Coeur d'Alene city, Idaho,56894
Kettering city, Ohio,56876
Southaven city, Mississippi,56851
Kingsport city, Tennessee,56704
Texas City city, Texas,56609
Smyrna city, Georgia,56566
Bonita Springs city, Florida,56229
Highland city, California,56202
Bartlett city, Tennessee,56030
New Brunswick city, New Jersey,55846
West Sacramento city, California,55842
DeSoto city, Texas,55740
Oak Lawn village, Illinois,55734
Olympia city, Washington,55733
Tigard city, Oregon,55590
Port Arthur city, Texas,55547
Fountain Valley city, California,55468
San Jacinto city, California,55440
Apple Valley city, Minnesota,55336
Logan city, Utah,55250
Perth Amboy city, New Jersey,55249
National City city, California,55236
Burleson city, Texas,55220
Anderson city, Indiana,55199
Valdosta city, Georgia,55025
Twin Falls city, Idaho,54943
Chicopee city, Massachusetts,54838
West Haven city, Connecticut,54790
Plainfield city, New Jersey,54670
Lincoln city, California,54538
Berwyn city, Illinois,54414
Wake Forest town, North Carolina,54337
Mount Prospect village, Illinois,54298
Rocky Mount city, North Carolina,54245
Arcadia city, California,54157
Peabody city, Massachusetts,54056
Kentwood city, Michigan,53987
Yucaipa city, California,53947
Tinley Park village, Illinois,53886
Pensacola city, Florida,53724
Mooresville town, North Carolina,53721
Manhattan city, Kansas,53682
Elkhart city, Indiana,53484
Pinellas Park city, Florida,53456
Methuen Town city, Massachusetts,53455
Colton city, California,53357
Edina city, Minnesota,53348
Galveston city, Texas,53237
Elyria city, Ohio,53117
Joplin city, Missouri,53095
Wheaton city, Illinois,52938
Rockwall city, Texas,52918
Grand Island city, Nebraska,52622
Normal town, Illinois,52618
Saratoga Springs city, Utah,52532
Minnetonka city, Minnesota,52463
Cathedral City city, California,52356
Placentia city, California,52192
Battle Creek city, Michigan,52175
Oak Park village, Illinois,52055
Diamond Bar city, California,52041
Palm Desert city, California,51951
Huntington Park city, California,51942
Summerville town, South Carolina,51884
Novato city, California,51722
Dunwoody city, Georgia,51713
Columbus city, Indiana,51522
Delano city, California,51500
Middletown city, Ohio,51478
La Crosse city, Wisconsin,51327
Collierville town, Tennessee,51317
Jeffersonville city, Indiana,51235
Florissant city, Missouri,51128
Harrisonburg city, Virginia,51082
Paramount city, California,51072
Newark city, Ohio,51046
Grapevine city, Texas,50928
Watsonville city, California,50867
Mishawaka city, Indiana,50842
West New York town, New Jersey,50754
Cuyahoga Falls city, Ohio,50742
Burien city, Washington,50730
Troy city, New York,50607
Enid city, Oklahoma,50577
Milford city (balance), Connecticut,50421
Gallatin city, Tennessee,50355
Everett city, Massachusetts,50318
Aliso Viejo city, California,50263
Bothell city, Washington,50213
Hoffman Estates village, Illinois,50179
Prescott Valley town, Arizona,50045
Harrisburg city, Pennsylvania,50012
Glendora city, California,49934
Barnstable Town city, Massachusetts,49709
Downers Grove village, Illinois,49706
St. Louis Park city, Minnesota,49697
Sheboygan city, Wisconsin,49686
Titusville city, Florida,49680
Draper city, Utah,49602
Murray city, Utah,49553
Stillwater city, Oklahoma,49525
Fort Pierce city, Florida,49374
Lakewood city, Ohio,49337
Leesburg town, Virginia,49312
Rosemead city, California,49305
Portage city, Michigan,49302
Ocoee city, Florida,49261
Goose Creek city, South Carolina,49249
San Luis Obispo city, California,49244
Lawrence city, Indiana,49235
Chesterfield city, Missouri,49166
Cleveland city, Tennessee,49086
Dublin city, Ohio,48923
Cypress city, California,48782
Covina city, California,48728
Clermont city, Florida,48621
Los Banos city, California,48553
Huntsville city, Texas,48552
East Lansing city, Michigan,48528
Brea city, California,48479
Hattiesburg city, Mississippi,48414
Cedar Hill city, Texas,48411
Ceres city, California,48397
Bedford city, Texas,48370
Coral Gables city, Florida,48353
Oro Valley town, Arizona,48311
Azusa city, California,48272
Biloxi city, Mississippi,48235
Euclid city, Ohio,48212
Lebanon city, Tennessee,48112
Poway city, California,48051
Middletown city, Connecticut,47984
Wilson city, North Carolina,47833
Prescott city, Arizona,47757
Mansfield city, Ohio,47711
Niagara Falls city, New York,47599
Wentzville city, Missouri,47497
Sherman city, Texas,47473
Plainfield village, Illinois,47448
Columbia city, Tennessee,47445
Minot city, North Dakota,47373
Winter Garden city, Florida,47294
Gainesville city, Georgia,47265
Waxahachie city, Texas,47201
Beavercreek city, Ohio,47193
Shakopee city, Minnesota,47158
Roswell city, New Mexico,47109
Wauwatosa city, Wisconsin,47038
Olive Branch city, Mississippi,47029
Newark city, California,46929
Mentor city, Ohio,46929
Glenview village, Illinois,46904
East Providence city, Rhode Island,46900
Charleston city, West Virginia,46838
Cerritos city, California,46797
Urbandale city, Iowa,46729
Binghamton city, New York,46727
Roseville city, Michigan,46666
Attleboro city, Massachusetts,46654
Monroe city, Louisiana,46616
Keller city, Texas,46316
Holly Springs town, North Carolina,46271
Farmington city, New Mexico,46237
Rancho Santa Margarita city, California,46182
Salina city, Kansas,45792
Oakley city, California,45761
Mankato city, Minnesota,45742
Hackensack city, New Jersey,45736
Spanish Fork city, Utah,45557
Strongsville city, Ohio,45511
La Mirada city, California,45505
Sayreville borough, New Jersey,45496
Blacksburg town, Virginia,45485
The Colony city, Texas,45471
Bremerton city, Washington,45450
Elmhurst city, Illinois,45336
Huntington city, West Virginia,45325
Haltom City city, Texas,45290
Brentwood city, Tennessee,45265
Altamonte Springs city, Florida,45257
Palm Springs city, California,45218
Moorhead city, Minnesota,45202
Delaware city, Ohio,45158
Charlottesville city, Virginia,44983
Newnan city, Georgia,44940
York city, Pennsylvania,44867
Riverton city, Utah,44854
West Lafayette city, Indiana,44829
Post Falls city, Idaho,44798
North Lauderdale city, Florida,44784
Salem city, Massachusetts,44744
Hollister city, California,44658
Concord city, New Hampshire,44629
Rohnert Park city, California,44546
Burlington city, Vermont,44528
Morgan Hill city, California,44478
Littleton city, Colorado,44451
Fairfield city, Ohio,44447
Sierra Vista city, Arizona,44431
Hickory city, North Carolina,44415
Greer city, South Carolina,44387
Fond du Lac city, Wisconsin,44300
Ormond Beach city, Florida,44277
Wilkes-Barre city, Pennsylvania,44254
Bountiful city, Utah,44144
Oakland Park city, Florida,44105
Greenacres city, Florida,44103
Linden city, New Jersey,43950
Cleveland Heights city, Ohio,43908
Lynnwood city, Washington,43867
Fuquay-Varina town, North Carolina,43817
Lombard village, Illinois,43779
El Centro city, California,43772
Cutler Bay town, Florida,43762
Freeport village, New York,43756
Leominster city, Massachusetts,43627
Coachella city, California,43590
Hagerstown city, Maryland,43553
Alexandria city, Louisiana,43466
Lake Worth Beach city, Florida,43346
Celina city, Texas,43317
Huber Heights city, Ohio,43313
Bullhead City city, Arizona,43302
Schertz city, Texas,43239
Saginaw city, Michigan,43185
Woonsocket city, Rhode Island,43135
Pittsfield city, Massachusetts,43076
Weslaco city, Texas,43053
Lompoc city, California,43045
DeLand city, Florida,43009
Danville town, California,42999
Mount Juliet city, Tennessee,42912
Indian Trail town, North Carolina,42854
North Miami Beach city, Florida,42789
Altoona city, Pennsylvania,42788
Grove City city, Ohio,42782
Sumter city, South Carolina,42766
Edmonds city, Washington,42701
Manassas city, Virginia,42696
Midland city, Michigan,42663
Fulshear city, Texas,42616
Jefferson City city, Missouri,42552
Buffalo Grove village, Illinois,42482
Brighton city, Colorado,42477
Florence city, Alabama,42437
Beverly city, Massachusetts,42318
Marion city, Iowa,42213
Puyallup city, Washington,42179
Shelton city, Connecticut,42144
Peachtree Corners city, Georgia,42136
Cottage Grove city, Minnesota,42056
Moline city, Illinois,41965
Brookfield city, Wisconsin,41884
Kiryas Joel village, New York,41857
Danville city, Virginia,41837
Campbell city, California,41700
Prosper town, Texas,41660
Woburn city, Massachusetts,41647
Fitchburg city, Massachusetts,41579
Hallandale Beach city, Florida,41547
Lancaster city, Ohio,41422
Coppell city, Texas,41404
Milton city, Georgia,41383
Midlothian city, Texas,41352
San Bruno city, California,41327
Oviedo city, Florida,41231
Reynoldsburg city, Ohio,41220
Marlborough city, Massachusetts,41179
Owasso city, Oklahoma,41162
Apache Junction city, Arizona,41153
Rosenberg city, Texas,41104
Covington city, Kentucky,40972
Romeoville village, Illinois,40955
Crystal Lake city, Illinois,40861
Friendswood city, Texas,40826
Cedar Falls city, Iowa,40737
Belleville city, Illinois,40726
State College borough, Pennsylvania,40687
Florence city, South Carolina,40609
Plant City city, Florida,40571
Annapolis city, Maryland,40552
Lake Stevens city, Washington,40521
Westfield city, Massachusetts,40509
Cape Girardeau city, Missouri,40508
West Fargo city, North Dakota,40400
Windsor town, Colorado,40349
Amherst Town city, Massachusetts,40277
Germantown city, Tennessee,40267
New Berlin city, Wisconsin,40260
Lancaster city, Texas,40215
DeKalb city, Illinois,40211
Peachtree City city, Georgia,40193
Findlay city, Ohio,40139
Valley Stream village, New York,40007
Bartlett village, Illinois,39992
Rancho Palos Verdes city, California,39980
Rexburg city, Idaho,39975
Wausau city, Wisconsin,39968
Maplewood city, Minnesota,39958
Cedar City city, Utah,39942
Lake Oswego city, Oregon,39924
Dover city, Delaware,39894
Norwich city, Connecticut,39881
Bettendorf city, Iowa,39858
Lathrop city, California,39857
Fort Lee borough, New Jersey,39700
Menomonee Falls village, Wisconsin,39700
Myrtle Beach city, South Carolina,39697
Hutchinson city, Kansas,39662
La Vergne city, Tennessee,39597
Royal Palm Beach village, Florida,39489
Georgetown city, Kentucky,39462
Hobbs city, New Mexico,39386
Kearny town, New Jersey,39370
Prattville city, Alabama,39318
Hurst city, Texas,39304
Tooele city, Utah,39263
Grants Pass city, Oregon,39149
Pine Bluff city, Arkansas,39123
La Quinta city, California,39081
Douglasville city, Georgia,39049
Culver City city, California,39041
Spartanburg city, South Carolina,39040
Issaquah city, Washington,38977
Carol Stream village, Illinois,38966
Winter Springs city, Florida,38941
Duncanville city, Texas,38883
Stanton city, California,38815
Quincy city, Illinois,38803
Hutto city, Texas,38765
Warren city, Ohio,38751
Aventura city, Florida,38741
Copperas Cove city, Texas,38696
Riviera Beach city, Florida,38663
Lincoln Park city, Michigan,38646
Roy city, Utah,38592
Keizer city, Oregon,38564
American Fork city, Utah,38549
Portage city, Indiana,38513
Braintree Town city, Massachusetts,38490
Woodstock city, Georgia,38473
Atlantic City city, New Jersey,38464
Phenix City city, Alabama,38441
Lewiston city, Maine,38404
Chelsea city, Massachusetts,38319
Socorro city, Texas,38238
Calexico city, California,38224
Urbana city, Illinois,38209
Adelanto city, California,38187
Northglenn city, Colorado,38164
East Point city, Georgia,38115
Bartlesville city, Oklahoma,38114
Rome city, Georgia,38111
Weatherford city, Texas,38109
Hilton Head Island town, South Carolina,38097
Vestavia Hills city, Alabama,38020
Hot Springs city, Arkansas,37994
San Luis city, Arizona,37966
Westerville city, Ohio,37958
Longview city, Washington,37925
Parkland city, Florida,37911
Estero village, Florida,37908
Park Ridge city, Illinois,37897
Sun Prairie city, Wisconsin,37890
Monroe city, North Carolina,37797
Streamwood village, Illinois,37780
Kearns metro township, Utah,37767
San Gabriel city, California,37732
Wheeling village, Illinois,37725
Tupelo city, Mississippi,37675
Holyoke city, Massachusetts,37628
Clovis city, New Mexico,37612
Benton city, Arkansas,37558
Montclair city, California,37545
Bell Gardens city, California,37467
Oregon City city, Oregon,37351
New Albany city, Indiana,37329
Pleasant Grove city, Utah,37294
Haines City city, Florida,37272
Hilliard city, Ohio,37262
Richmond city, Kentucky,37206
Muskegon city, Michigan,37183
Oak Creek city, Wisconsin,37156
Carpentersville village, Illinois,37099
Wildomar city, California,37087
Oswego village, Illinois,37074
North Ridgeville city, Ohio,37058
Plainfield town, Indiana,37047
Leavenworth city, Kansas,37034
Syracuse city, Utah,37022
Redmond city, Oregon,37009
La Porte city, Texas,36991
Tucker city, Georgia,36975
Farmers Branch city, Texas,36917
Greenfield city, Wisconsin,36916
Muskogee city, Oklahoma,36873
Canton city, Georgia,36857
Monrovia city, California,36768
Cookeville city, Tennessee,36657
La Puente city, California,36516
San Juan city, Texas,36448
Richfield city, Minnesota,36445
Pacifica city, California,36426
Martinez city, California,36395
Cibolo city, Texas,36374
Sahuarita town, Arizona,36356
Merrillville town, Indiana,36347
Beloit city, Wisconsin,36342
Salisbury city, North Carolina,36319
Cleburne city, Texas,36209
Hinesville city, Georgia,36181
Hanover Park village, Illinois,36165
Rock Island city, Illinois,36132
Inver Grove Heights city, Minnesota,36114
Lauderdale Lakes city, Florida,36035
Seguin city, Texas,36013
Dunedin city, Florida,35930
El Mirage city, Arizona,35850
Norristown borough, Pennsylvania,35769
Upper Arlington city, Ohio,35743
Texarkana city, Texas,35741
Butte-Silver Bow (balance), Montana,35701
Panama City city, Florida,35660
Mason city, Ohio,35660
Claremont city, California,35640
Fair Lawn borough, New Jersey,35564
Midvale city, Utah,35561
Torrington city, Connecticut,35550
Moorpark city, California,35543
Marion city, Ohio,35531
Wenatchee city, Washington,35526
Franklin city, Wisconsin,35485
Springville city, Utah,35471
Forney city, Texas,35470
Stockbridge city, Georgia,35452
Roseville city, Minnesota,35451
Richmond city, Indiana,35425
Kingman city, Arizona,35334
Erie town, Colorado,35269
Garner town, North Carolina,35265
Mount Vernon city, Washington,35259
Watertown Town city, Massachusetts,35256
Bluffton town, South Carolina,35243
Addison village, Illinois,35167
Gahanna city, Ohio,35159
Brunswick city, Ohio,35072
University Place city, Washington,35049
Crown Point city, Indiana,34884
Temple City city, California,34854
Wildwood city, Missouri,34851
Lewiston city, Idaho,34836
Lima city, Ohio,34794
San Juan Capistrano city, California,34754
Fairborn city, Ohio,34729
Kennesaw city, Georgia,34683
Valparaiso city, Indiana,34627
Long Beach city, New York,34595
Del Rio city, Texas,34574
Manitowoc city, Wisconsin,34568
Holland city, Michigan,34540
Dalton city, Georgia,34508
Randolph Town city, Massachusetts,34487
Clearfield city, Utah,34470
Helena city, Montana,34464
Statesboro city, Georgia,34452
McMinnville city, Oregon,34450
Harker Heights city, Texas,34447
Kearney city, Nebraska,34362
Calumet City city, Illinois,34358
Goshen city, Indiana,34355
West Hollywood city, California,34349
Cooper City city, Florida,34321
Englewood city, Colorado,34275
College Park city, Maryland,34187
Lufkin city, Texas,34181
Alabaster city, Alabama,34107
University City city, Missouri,34096
Leawood city, Kansas,33980
Northbrook village, Illinois,33977
Westlake city, Ohio,33972
Stow city, Ohio,33957
Washington city, Utah,33877
Pleasant Hill city, California,33802
Eastpointe city, Michigan,33676
Fort Mill town, South Carolina,33626
Chester city, Pennsylvania,33595
Opelika city, Alabama,33572
Woodridge village, Illinois,33566
Meridian city, Mississippi,33551
Rochester city, New Hampshire,33519
Gillette city, Wyoming,33496
Dover city, New Hampshire,33485
Goldsboro city, North Carolina,33469
Desert Hot Springs city, California,33438
Oak Ridge city, Tennessee,33397
Manhattan Beach city, California,33369
Walla Walla city, Washington,33339
Petersburg city, Virginia,33309
Gadsden city, Alabama,33229
Deer Park city, Texas,33176
Salisbury city, Maryland,33159
Cornelius town, North Carolina,33139
Franklin Town city, Massachusetts,33125
Sherwood city, Arkansas,33118
San Dimas city, California,33105
Andover city, Minnesota,33089
Savage city, Minnesota,32999
Elizabethtown city, Kentucky,32978
Spring Valley village, New York,32969
Aiken city, South Carolina,32947
Kaysville city, Utah,32941
Florence city, Kentucky,32917
Pullman city, Washington,32863
Long Branch city, New Jersey,32745
Ithaca city, New York,32724
Greenville city, Texas,32717
Goleta city, California,32665
New Smyrna Beach city, Florida,32655
St. Charles city, Illinois,32654
Dana Point city, California,32567
Zionsville town, Indiana,32534
Garfield city, New Jersey,32456
Massillon city, Ohio,32439
Maryville city, Tennessee,32436
Nicholasville city, Kentucky,32425
Glendale Heights village, Illinois,32409
Bethel Park municipality, Pennsylvania,32398
Bella Vista city, Arkansas,32368
Duluth city, Georgia,32350
LaGrange city, Georgia,32343
Eagle city, Idaho,32319
Sachse city, Texas,32294
Fitchburg city, Wisconsin,32284
Brownsburg town, Indiana,32250
New Bern city, North Carolina,32226
Los Gatos town, California,32216
Cottonwood Heights city, Utah,32204
Foster City city, California,32180
Nacogdoches city, Texas,32156
Laramie city, Wyoming,32152
McDonough city, Georgia,32138
Morristown city, Tennessee,32099
Bay City city, Michigan,32082
Sanford city, North Carolina,32064
Atwater city, California,32052
Des Moines city, Washington,31988
O'Fallon city, Illinois,31968
Dania Beach city, Florida,31915
West Bend city, Wisconsin,31886
Bell city, California,31864
Fairbanks city, Alaska,31856
Chamblee city, Georgia,31841
Naugatuck borough, Connecticut,31820
Wheat Ridge city, Colorado,31804
Shawnee city, Oklahoma,31803
SeaTac city, Washington,31799
Santa Paula city, California,31792
Mundelein village, Illinois,31790
Poughkeepsie city, New York,31772
Houma city, Louisiana,31733
Leesburg city, Florida,31721
Morrisville town, North Carolina,31703
Menlo Park city, California,31690
Brooklyn Center city, Minnesota,31688
Banning city, California,31680
Michigan City city, Indiana,31659
Rome city, New York,31652
Waukee city, Iowa,31645
Bangor city, Maine,31628
Juneau city and borough, Alaska,31555
North Olmsted city, Ohio,31538
Carlsbad city, New Mexico,31499
Elk Grove Village village, Illinois,31350
Seaside city, California,31317
Alamogordo city, New Mexico,31284
San Pablo city, California,31249
Miami Lakes town, Florida,31238
Southlake city, Texas,31137
El Paso de Robles (Paso Robles) city, California,31134
Pekin city, Illinois,31126
Northport city, Alabama,31111
Lawrenceville city, Georgia,31015
Beverly Hills city, California,30974
North Attleborough Town city, Massachusetts,30943
Matthews town, North Carolina,30934
Athens city, Alabama,30904
Jackson city, Michigan,30854
Hopkinsville city, Kentucky,30813
Liberty city, Missouri,30794
Harrison village, New York,30780
Bixby city, Oklahoma,30698
North Royalton city, Ohio,30687
Casselberry city, Florida,30595
Port Chester village, New York,30584
Westfield town, New Jersey,30559
Leland town, North Carolina,30542
Paragould city, Arkansas,30520
Lafayette city, Colorado,30439
Morgantown city, West Virginia,30429
North Chicago city, Illinois,30416
Ballwin city, Missouri,30410
Bowling Green city, Ohio,30384
Daphne city, Alabama,30321
Converse city, Texas,30321
Holladay city, Utah,30298
Princeton, New Jersey,30289
Highland Park city, Illinois,30272
Enterprise city, Alabama,30271
Laguna Hills city, California,30243
Statesville city, North Carolina,30220
Clayton town, North Carolina,30216
Gurnee village, Illinois,30193
Newark city, Delaware,30169
Fridley city, Minnesota,30156
Lawndale city, California,30155
Middletown city, New York,30152
Algonquin village, Illinois,30134
Magna metro township, Utah,30087
Hazleton city, Pennsylvania,30037
North Tonawanda city, New York,30031
Los Altos city, California,29990
Anderson city, South Carolina,29980
Gloucester city, Massachusetts,29959
Burlingame city, California,29910
La Verne city, California,29898
Winter Park city, Florida,29894
Kalispell city, Montana,29886
Rahway city, New Jersey,29813
Central city, Louisiana,29781
Atascadero city, California,29700
Schererville town, Indiana,29657
Englewood city, New Jersey,29624
Saratoga city, California,29607
Pooler city, Georgia,29544
Easton city, Pennsylvania,29538
Niles village, Illinois,29513
Independence city, Kentucky,29503
Rockledge city, Florida,29452
Hobart city, Indiana,29408
Laurel city, Maryland,29400
Burton city, Michigan,29376
Northampton city, Massachusetts,29370
Melrose city, Massachusetts,29357
Russellville city, Arkansas,29338
Crestview city, Florida,29300
Texarkana city, Arkansas,29223
Kirkwood city, Missouri,29174
West Melbourne city, Florida,29144
Galesburg city, Illinois,29130
Monterey city, California,29116
Raytown city, Missouri,29097
Jacksonville city, Arkansas,29094
Chaska city, Minnesota,29034
Woodburn city, Oregon,29033
Parkersburg city, West Virginia,29025
Oak Park city, Michigan,29023
Southgate city, Michigan,29002
Fredericksburg city, Virginia,28928
Garfield Heights city, Ohio,28900
San Carlos city, California,28862
Bridgewater Town city, Massachusetts,28818
Suisun City city, California,28743
Twentynine Palms city, California,28734
Jeffersontown city, Kentucky,28716
Lake in the Hills village, Illinois,28661
Alvin city, Texas,28633
Ramsey city, Minnesota,28560
Saratoga Springs city, New York,28544
Shaker Heights city, Ohio,28541
Slidell city, Louisiana,28510
Fountain city, Colorado,28489
Maple Valley city, Washington,28434
West Springfield Town city, Massachusetts,28424
Marysville city, Ohio,28423
Happy Valley city, Oregon,28409
Agawam Town city, Massachusetts,28406
Port Huron city, Michigan,28383
Glen Ellyn village, Illinois,28347
Frankfort city, Kentucky,28285
Eagle Pass city, Texas,28282
Bergenfield borough, New Jersey,28274
Huntley village, Illinois,28269
McHenry city, Illinois,28251
Madison Heights city, Michigan,28238
Newburgh city, New York,28237
Oakdale city, Minnesota,28226
East Palo Alto city, California,28216
Danville city, Illinois,28206
Burbank city, Illinois,28164
Venice city, Florida,28150
Pearl city, Mississippi,28117
Aberdeen city, South Dakota,28110
Marion city, Indiana,28105
Ridgecrest city, California,28088
Kuna city, Idaho,28050
New Lenox village, Illinois,28047
Prior Lake city, Minnesota,28027
Princeton city, Texas,28027
Kernersville town, North Carolina,28016
Mauldin city, South Carolina,28010
Madison city, Mississippi,27987
Conway city, South Carolina,27985
Monroeville municipality, Pennsylvania,27974
Jamestown city, New York,27965
Glen Cove city, New York,27879
Bristol city, Tennessee,27854
Brawley city, California,27849
Union City city, Georgia,27832
Mint Hill town, North Carolina,27815
Carrollton city, Georgia,27793
Lake Jackson city, Texas,27768
Homewood city, Alabama,27758
Henderson city, Kentucky,27734
Mount Pleasant village, Wisconsin,27727
Asheboro city, North Carolina,27726
Lansing village, Illinois,27713
Williston city, North Dakota,27706
Greenville city, Mississippi,27644
Winchester city, Virginia,27617
Fremont city, Nebraska,27602
Kent city, Ohio,27601
Rosemount city, Minnesota,27590
Maryland Heights city, Missouri,27575
Marshalltown city, Iowa,27574
Lemon Grove city, California,27569
New London city, Connecticut,27560
Jenks city, Oklahoma,27553
Allen Park city, Michigan,27528
Dodge City city, Kansas,27514
Simpsonville city, South Carolina,27506
Anna city, Texas,27501
Williamsport city, Pennsylvania,27470
Neenah city, Wisconsin,27453
Thomasville city, North Carolina,27435
Tualatin city, Oregon,27383
Garden City city, Kansas,27371
Millville city, New Jersey,27358
Elk River city, Minnesota,27342
Hamtramck city, Michigan,27339
Green city, Ohio,27338
Gladstone city, Missouri,27329
Camas city, Washington,27254
Tumwater city, Washington,27239
Cabot city, Arkansas,27190
Palm Springs village, Florida,27132
Walnut city, California,27104
New Iberia city, Louisiana,27080
Wooster city, Ohio,27030
Wilmette village, Illinois,27026
Oxford city, Mississippi,27008
Temple Terrace city, Florida,26972
Lindenhurst village, New York,26972
Wasco city, California,26917
Granite City city, Illinois,26908
Mason City city, Iowa,26906
Troy city, Ohio,26848
Sebastian city, Florida,26846
South Portland city, Maine,26840
Lemoore city, California,26809
Forest Grove city, Oregon,26799
Round Lake Beach village, Illinois,26783
Trussville city, Alabama,26770
Bridgeton city, New Jersey,26763
Paducah city, Kentucky,26749
Balch Springs city, Texas,26711
Edwardsville city, Illinois,26698
Clinton city, Mississippi,26698
Vernon Hills village, Illinois,26677
West Linn city, Oregon,26629
Belmont city, California,26622
Hercules city, California,26582
Ossining village, New York,26542
Lockport city, Illinois,26537
Owatonna city, Minnesota,26534
Horn Lake city, Mississippi,26468
Benicia city, California,26429
Superior city, Wisconsin,26423
Plum borough, Pennsylvania,26391
Yukon city, Oklahoma,26388
Moscow city, Idaho,26387
Easley city, South Carolina,26386
Lebanon city, Pennsylvania,26378
Shoreview city, Minnesota,26374
Katy city, Texas,26360
Wilsonville city, Oregon,26345
Sanger city, California,26343
Denison city, Texas,26343
Garden City city, Michigan,26325
Moses Lake city, Washington,26299
Paramus borough, New Jersey,26282
Batavia city, Illinois,26235
Derby city, Kansas,26233
Wheeling city, West Virginia,26208
Oak Forest city, Illinois,26199
Ridgewood village, New Jersey,26194
Chicago Heights city, Illinois,26184
Elmira city, New York,26176
Austin city, Minnesota,26171
Norfolk city, Nebraska,26147
South Salt Lake city, Utah,26122
Newberg city, Oregon,26095
Winona city, Minnesota,26029
Auburn city, New York,25983
Reedley city, California,25958
Avon Lake city, Ohio,25942
Chanhassen city, Minnesota,25937
Greenfield city, Indiana,25920
Staunton city, Virginia,25915
Franklin city, Indiana,25908
North Augusta city, South Carolina,25891
Sugar Hill city, Georgia,25889
Medina city, Ohio,25889
Tarpon Springs city, Florida,25872
Dinuba city, California,25863
Lodi borough, New Jersey,25832
East Chicago city, Indiana,25830
Windsor town, California,25828
Farmington city, Utah,25771
Galt city, California,25767
Centerville city, Ohio,25754
Stevens Point city, Wisconsin,25752
Colleyville city, Texas,25736
Eureka city, California,25734
Xenia city, Ohio,25725
Brandon city, Mississippi,25719
Woodstock city, Illinois,25699
Corsicana city, Texas,25671
South Pasadena city, California,25623
Salem city, Virginia,25600
Auburn Hills city, Michigan,25597
Farragut town, Tennessee,25579
Rockville Centre village, New York,25578
Cliffside Park borough, New Jersey,25570
El Cerrito city, California,25552
Belton city, Missouri,25534
Mequon city, Wisconsin,25489
Imperial Beach city, California,25458
Starkville city, Mississippi,25444
Peekskill city, New York,25442
Grandview city, Missouri,25436
Nixa city, Missouri,25405
Avon city, Ohio,25403
Norco city, California,25398
Gardner city, Kansas,25378
De Pere city, Wisconsin,25348
Caledonia village, Wisconsin,25326
Muskego city, Wisconsin,25312
Raymore city, Missouri,25306
Belvidere city, Illinois,25297
Walker city, Michigan,25289
Carteret borough, New Jersey,25281
Pickerington city, Ohio,25256
Ottumwa city, Iowa,25252
Perrysburg city, Ohio,25236
Belton city, Texas,25171
Fairfax city, Virginia,25144
Saginaw city, Texas,25139
Shelbyville city, Tennessee,25132
Dickinson city, North Dakota,25130
Pelham city, Alabama,25121
West Chicago city, Illinois,25116
Loma Linda city, California,25111
Key West city, Florida,25103
Patterson city, California,25063
Inkster city, Michigan,25056
Lafayette city, California,25048
Bessemer city, Alabama,25037
Middletown town, Delaware,25022
Alton city, Illinois,25006
Norton Shores city, Michigan,25005
Riverbank city, California,25001
Fairhope city, Alabama,24974
Paris city, Texas,24969
Barstow city, California,24964
University Park city, Texas,24954
Cartersville city, Georgia,24937
Herndon town, Virginia,24935
Kerrville city, Texas,24930
Lexington town, South Carolina,24921
Hastings city, Nebraska,24896
Foley city, Alabama,24873
Hazelwood city, Missouri,24863
Ardmore city, Oklahoma,24847
Auburn city, Maine,24793
Fernley city, Nevada,24744
Mercer Island city, Washington,24742
Newport city, Rhode Island,24717
Wadsworth city, Ohio,24709
Romulus city, Michigan,24702
Yorkville city, Illinois,24693
Athens city, Ohio,24673
Zanesville city, Ohio,24651
Faribault city, Minnesota,24642
Johnston city, Iowa,24640
Fate city, Texas,24626
Fort Dodge city, Iowa,24591
Mandan city, North Dakota,24586
Kingsville city, Texas,24586
Barberton city, Ohio,24563
Homer Glen village, Illinois,24546
San Benito city, Texas,24493
Selma city, California,24467
Columbus city, Nebraska,24464
Ridgeland city, Mississippi,24459
Eustis city, Florida,24457
Greenbelt city, Maryland,24360
Seal Beach city, California,24352
Riverside city, Ohio,24340
Benbrook city, Texas,24336
Brookings city, South Dakota,24312
Decatur city, Georgia,24307
Ponca City city, Oklahoma,24306
Florence town, Arizona,24291
South Elgin village, Illinois,24277
Palmetto Bay village, Florida,24264
Bainbridge Island city, Washington,24254
Sandusky city, Ohio,24241
Clinton city, Iowa,24239
Avon town, Indiana,24231
Zion city, Illinois,24206
Horizon City city, Texas,24168
Willoughby city, Ohio,24163
Watertown city, New York,24157
Van Buren city, Arkansas,24138
Royse City city, Texas,24138
Morton Grove village, Illinois,24131
South Plainfield borough, New Jersey,24131
Marshall city, Texas,24118
Emporia city, Kansas,24105
Wyandotte city, Michigan,24057
Payson city, Utah,24054
Griffin city, Georgia,24044
Perry city, Georgia,24029
Oak Harbor city, Washington,24016
West Haven city, Utah,24014
Glassboro borough, New Jersey,23987
Hurricane city, Utah,23959
Centerton city, Arkansas,23953
Soledad city, California,23947
Westmont village, Illinois,23933
Farmington city, Minnesota,23909
Roseburg city, Oregon,23861
West Memphis city, Arkansas,23825
Maywood city, California,23824
Searcy city, Arkansas,23813
Papillion city, Nebraska,23791
Collinsville city, Illinois,23779
Kingston city, New York,23777
Corinth city, Texas,23707
Solon city, Ohio,23702
Ennis city, Texas,23686
Melrose Park village, Illinois,23666
St. John town, Indiana,23644
Edgewater city, Florida,23636
Groveland city, Florida,23628
Munster town, Indiana,23614
Fountain Hills town, Arizona,23611
Coralville city, Iowa,23596
Clinton city, Utah,23588
Melissa city, Texas,23571
Burlington city, Iowa,23565
North Salt Lake city, Utah,23560
Highland town, Indiana,23525
Kankakee city, Illinois,23503
Webster Groves city, Missouri,23449
Jacksonville Beach city, Florida,23447
Kenmore city, Washington,23391
Elmwood Park village, Illinois,23369
San Fernando city, California,23364
White Bear Lake city, Minnesota,23363
Pottstown borough, Pennsylvania,23349
Muscatine city, Iowa,23341
Loves Park city, Illinois,23335
Rolling Meadows city, Illinois,23329
Mustang city, Oklahoma,23270
Otsego city, Minnesota,23241
Watertown city, South Dakota,23230
Lisle village, Illinois,23222
DeBary city, Florida,23209
Waynesboro city, Virginia,23182
Duncan city, Oklahoma,23170
Freeport city, Illinois,23136
Duarte city, California,23131
Waxhaw town, North Carolina,23073
Oakdale city, California,23045
Columbus city, Mississippi,23035
Albertville city, Alabama,23031
Maple Heights city, Ohio,22984
Sapulpa city, Oklahoma,22981
Hudson city, Ohio,22968
Middleton city, Wisconsin,22967
Rock Springs city, Wyoming,22954
Trotwood city, Ohio,22940
Watauga city, Texas,22934
Keene city, New Hampshire,22917
Suwanee city, Georgia,22913
Ozark city, Missouri,22907
Prairie Village city, Kansas,22900
Maywood village, Illinois,22880
Champlin city, Minnesota,22856
Garden City village, New York,22835
Bonney Lake city, Washington,22835
Marina city, California,22833
Mesquite city, Nevada,22786
Hopewell city, Virginia,22752
Radcliff city, Kentucky,22749
Portsmouth city, New Hampshire,22733
Watertown city, Wisconsin,22692
Machesney Park village, Illinois,22630
North Plainfield borough, New Jersey,22566
Central Falls city, Rhode Island,22543
Christiansburg town, Virginia,22542
Hammond city, Louisiana,22527
North Platte city, Nebraska,22523
Roselle village, Illinois,22508
Greenwood city, South Carolina,22498
La Porte city, Indiana,22486
Acworth city, Georgia,22379
Lino Lakes city, Minnesota,22376
Big Spring city, Texas,22373
Biddeford city, Maine,22367
Summit city, New Jersey,22344
Roselle borough, New Jersey,22342
Carlisle borough, Pennsylvania,22341
Oxford city, Ohio,22340
Laguna Beach city, California,22332
Evans city, Colorado,22326
Bloomingdale village, Illinois,22298
Hialeah Gardens city, Florida,22286
Battle Ground city, Washington,22285
Columbia Heights city, Minnesota,22278
Sanford city, Maine,22251
Chambersburg borough, Pennsylvania,22245
Ruston city, Louisiana,22233
North Ogden city, Utah,22233
New Brighton city, Minnesota,22228
Calabasas city, California,22227
Clarksville town, Indiana,22208
Clemmons village, North Carolina,22159
Hastings city, Minnesota,22121
Helena city, Alabama,22117
Millbrae city, California,22087
Sedalia city, Missouri,22086
Oxford city, Alabama,22078
Snellville city, Georgia,22067
Corcoran city, California,22044
East Peoria city, Illinois,22012
Shelby city, North Carolina,22010
East Ridge city, Tennessee,21961
Montgomery village, Illinois,21955
Stephenville city, Texas,21946
Shafter city, California,21915
Crystal city, Minnesota,21906
Chillicothe city, Ohio,21895
Klamath Falls city, Oregon,21888
Sunny Isles Beach city, Florida,21885
Bryant city, Arkansas,21877
Junction City city, Kansas,21856
Dickinson city, Texas,21834
Pleasant Prairie village, Wisconsin,21818
Hanahan city, South Carolina,21796
Boerne city, Texas,21774
Mountain Brook city, Alabama,21737
Villa Park village, Illinois,21727
Cudahy city, California,21723
West St. Paul city, Minnesota,21722
Lebanon city, Ohio,21699
Darien city, Illinois,21698
Altoona city, Iowa,21698
Lindenwold borough, New Jersey,21685
Seymour city, Indiana,21666
Yucca Valley town, California,21664
Milwaukie city, Oregon,21594
Carbondale city, Illinois,21592
Imperial city, California,21591
Pascagoula city, Mississippi,21582
Alliance city, Ohio,21525
Mountlake Terrace city, Washington,21516
Blue Island city, Illinois,21494
Terrell city, Texas,21480
Birmingham city, Michigan,21434
New Castle city, Pennsylvania,21413
American Canyon city, California,21347
North Liberty city, Iowa,21345
Willmar city, Minnesota,21335
Montrose city, Colorado,21333
Del City city, Oklahoma,21312
South Euclid city, Ohio,21264
Elmwood Park borough, New Jersey,21256
Rocky River city, Ohio,21236
Port Hueneme city, California,21217
Golden Valley city, Minnesota,21211
Arlington city, Washington,21206
Mineola village, New York,21169
Anniston city, Alabama,21167
Ashland city, Kentucky,21154
Tukwila city, Washington,21135
Alton city, Texas,21130
Geneva city, Illinois,21129
Covington city, Washington,21125
Carrboro town, North Carolina,21103
South Lake Tahoe city, California,21079
Marquette city, Michigan,21079
Tavares city, Florida,21061
Ashland city, Oregon,21061
Arnold city, Missouri,21059
South Burlington city, Vermont,21043
Hays city, Kansas,21040
St. Michael city, Minnesota,21034
Northfield city, Minnesota,21020
Germantown village, Wisconsin,21020
Culpeper town, Virginia,21012
Mukilteo city, Washington,21011
Secaucus town, New Jersey,21005
Tullahoma city, Tennessee,21001
Gardner city, Massachusetts,20974
Saco city, Maine,20960
Grayslake village, Illinois,20954
Fort Walton Beach city, Florida,20925
Murphy city, Texas,20920
Frankfort village, Illinois,20907
Zephyrhills city, Florida,20883
Mount Pleasant city, Michigan,20859
East Moline city, Illinois,20806
Elko city, Nevada,20785
Howard village, Wisconsin,20775
Park Forest village, Illinois,20763
Piqua city, Ohio,20747
Murrysville municipality, Pennsylvania,20745
Mill Creek city, Washington,20742
Baldwin borough, Pennsylvania,20708
New Hope city, Minnesota,20705
Forest Lake city, Minnesota,20685
South St. Paul city, Minnesota,20664
Hyattsville city, Maryland,20662
Greenfield city, California,20634
Pleasantville city, New Jersey,20613
Shelbyville city, Indiana,20609
Painesville city, Ohio,20605
Bartow city, Florida,20584
Morristown town, New Jersey,20571
Westbrook city, Maine,20564
Westminster city, Maryland,20536
Harrison town, New Jersey,20520
Pittsburg city, Kansas,20504
Lynn Haven city, Florida,20501
South Holland village, Illinois,20483
Portland city, Texas,20481
Alamo city, Texas,20460
Gallup city, New Mexico,20451
Lockport city, New York,20436
Parma Heights city, Ohio,20431
Rolla city, Missouri,20423
Dolton village, Illinois,20410
Sulphur city, Louisiana,20400
Louisville city, Colorado,20390
Claremore city, Oklahoma,20385
Bethany city, Oklahoma,20369
Sweetwater city, Florida,20352
Kingsland city, Georgia,20343
Libertyville village, Illinois,20332
Sidney city, Ohio,20309
North Myrtle Beach city, South Carolina,20303
Durant city, Oklahoma,20296
Knightdale town, North Carolina,20275
Golden city, Colorado,20242
Adrian city, Michigan,20238
Punta Gorda city, Florida,20227
Highland city, Utah,20217
Mebane city, North Carolina,20212
South Milwaukee city, Wisconsin,20211
Manor city, Texas,20209
Angleton city, Texas,20206
Vicksburg city, Mississippi,20192
Santa Fe Springs city, California,20174
Republic city, Missouri,20144
Crest Hill city, Illinois,20118
Palisades Park borough, New Jersey,20102
Port Angeles city, Washington,20101
Monroe city, Michigan,20089
Fayetteville city, Georgia,20083
Sand Springs city, Oklahoma,20075
Lynbrook village, New York,20071
Universal City city, Texas,20028
Auburndale city, Florida,20011
Sherwood city, Oregon,19957
Forest Park city, Ohio,19839
Mayfield Heights city, Ohio,19793
Lomita city, California,19782
Whitehall city, Ohio,19727
La Cañada Flintridge city, California,19538
Mamaroneck village, New York,19533
Agoura Hills city, California,19474
Oroville city, California,19449
Monroe city, Washington,19447
Plainview city, Texas,19420
Harvey city, Illinois,19397
Ypsilanti city, Michigan,19393
Albany city, California,19097
Coronado city, California,18437
